isp,org,state
"Mahanagar Telephone Nigam Ltd., ISP Division, New",Mahanagar Telephone Nigam,Maharashtra
"ValueLabs, Hyderabad.","ValueLabs, Hyderabad.",- - -
- - -,- - -,- - -
- - -,- - -,Jharkhand
171 Incorporation,171 Incorporation,- - -
Aakruti Net Vision,Aakruti Net Vision,Maharashtra
Access Smart Solutions India Pvt,Access Smart Solutions India Pvt,Andhra Pradesh
AIR NET -PunJAB- HOshiarpur Area,Intech Online Private Limited,Maharashtra
Aircel,Aircel,- - -
Aircel,Aircel,Assam
Aircel,Aircel,Bihar
Aircel,Aircel,Haryana
Aircel,Aircel,Karnataka
Aircel,Aircel,National Capital Territory of Delhi
Aircel,Aircel,Punjab
Aircel,Aircel,Rajasthan
Aircel,Aircel,Tamil Nadu
Aircel,Aircel,Uttar Pradesh
Aircel,Aircel,West Bengal
Aircel,AIRCEL-Kolkata-MobileBroadband-WAP-Customer,West Bengal
Airgenie Communications Private Limited,Airgenie Communications Private Limited,Tamil Nadu
Airlink communication Pvt.Ltd,R.K. Cable Net Private Limited,Gujarat
Airlink Communications Pvt. Ltd.,RK Infratel Ltd.,Gujarat
Airnet Cable And Datacom Pvt,Airnet Cable And Datacom Pvt,Maharashtra
Airnet Wireless Broadband,Syscon Infoway Pvt.,Maharashtra
Airtel Broadband,Airtel Broadband,- - -
Airtel Broadband,Airtel Broadband,Chandigarh
Airtel Broadband,Airtel Broadband,Gujarat
Airtel Broadband,Airtel Broadband,Haryana
Airtel Broadband,Airtel Broadband,Karnataka
Airtel Broadband,Airtel Broadband,Kerala
Airtel Broadband,Airtel Broadband,Madhya Pradesh
Airtel Broadband,Airtel Broadband,Maharashtra
Airtel Broadband,Airtel Broadband,National Capital Territory of Delhi
Airtel Broadband,Airtel Broadband,Punjab
Airtel Broadband,Airtel Broadband,Tamil Nadu
Airtel Broadband,Airtel Broadband,Uttar Pradesh
Airtel Broadband,Airtel Broadband,West Bengal
Airtel,Airtel,Bihar
Airtel,Airtel,Chhattisgarh
Airtel,Airtel,Haryana
Airtel,Airtel,Karnataka
Airtel,Airtel,Madhya Pradesh
Airtel,Airtel,National Capital Territory of Delhi
Airtel,Airtel,Tamil Nadu
Alliance Broadband Services Pvt.,Alliance Broadband Services Pvt.,West Bengal
Allnet Broadband Network,Allnet Broadband Network,Karnataka
Amogh Broadband Services Private Limited,Den Digital Entertainment Pvt. Ltd. AS ISP india,Haryana
Ani Broaband Services,Ani Network Pvt,National Capital Territory of Delhi
Ani Cable Internet,Ani Network Pvt,National Capital Territory of Delhi
Ani Data Services,Ani Data Services,- - -
Ani Extreem Broadband,Ani Network Pvt,National Capital Territory of Delhi
Ani Hi-Speed Broadband,Ani Network Pvt,National Capital Territory of Delhi
Ani Network Pvt,Ani Network Pvt,National Capital Territory of Delhi
Aniruddha skyline web service,Soft Call Cust-o-care Private Limited,Maharashtra
Anjani Broadband Solutions Pvt.ltd.,Anjani Broadband Solutions Pvt.ltd.,Uttar Pradesh
Antariksh Broadband And Wireless Solution Private,Antariksh Broadband And Wireless Solution Private,National Capital Territory of Delhi
Antrikssh Cable Services Pvt. Ltd.,Gujarat Telelik Pvt,- - -
Aone Sales And Services,Smartlink Solutions,- - -
Apex Netcom India Pvt. Ltd.,Swift Online Border,Uttar Pradesh
Apna Infotech Private Limited,Apna Infotech Private Limited,- - -
Apollo Technologies And Solutions,Apollo Online Services Pvt,Andhra Pradesh
Arichwal It Services Private Limited,Anjani Broadband Solutions Pvt.ltd.,Haryana
Asianet,Asianet,- - -
Asianet,Asianet,Kerala
Atria Convergence Technologies Pvt. Ltd. Broadband,Atria Convergence Technologies Pvt. Ltd. Broadband,Karnataka
Atria Convergence Technologies Pvt. Ltd.,Atria Convergence Technologies Pvt. Ltd. Broadband,Andhra Pradesh
Atria Convergence Technologies Pvt. Ltd.,Atria Convergence Technologies Pvt. Ltd. Broadband,Karnataka
B2 Net Solutions,Assistance4All,National Capital Territory of Delhi
B2 Net Solutions,B2 Net Solutions,National Capital Territory of Delhi
Balaji Internet,Seven Star Internet Service Provider,Maharashtra
Bangalore Broadband Network Pvt,Bangalore Broadband Network Pvt,Karnataka
Bank of America,Bank of America,- - -
Barclays Capital,Barclays Capital,- - -
BBNL,Bangalore Broadband Network Pvt,Karnataka
Beam Telecom,Atria Convergence Technologies pvt,- - -
Beam Telecom,Atria Convergence Technologies Pvt. Ltd. Broadband,- - -
Beam Telecom,Atria Convergence Technologies Pvt. Ltd. Broadband,Andhra Pradesh
Beam Telecom,Atria Convergence Technologies Pvt. Ltd. Broadband,Tamil Nadu
Beam Telecom,Beam Telecom,- - -
Bell Teleservices India Pvt Ltd,"Bell Teleservices India Pvt Ltd., ISP having own O",Karnataka
Benchmark Infotech Services Pvt.Ltd.,Benchmark Infotech Services Pvt.Ltd.,Bihar
Bharti Airtel Limited,Bharti Airtel Limited,Karnataka
Bharti Airtel Limited,BHARTI Airtel,- - -
Bharti Airtel Limited,BHARTI Airtel,Bihar
Bharti Airtel Limited,BHARTI Airtel,Chandigarh
Bharti Airtel Limited,BHARTI Airtel,Gujarat
Bharti Airtel Limited,BHARTI Airtel,Haryana
Bharti Airtel Limited,BHARTI Airtel,Karnataka
Bharti Airtel Limited,BHARTI Airtel,Kashmir
Bharti Airtel Limited,BHARTI Airtel,Madhya Pradesh
Bharti Airtel Limited,BHARTI Airtel,Maharashtra
Bharti Airtel Limited,BHARTI Airtel,National Capital Territory of Delhi
Bharti Airtel Limited,BHARTI Airtel,Punjab
Bharti Airtel Limited,BHARTI Airtel,Rajasthan
Bharti Airtel Limited,BHARTI Airtel,Tamil Nadu
Bharti Airtel Limited,BHARTI Airtel,Uttar Pradesh
Bharti Airtel Limited,BHARTI Airtel,Uttarakhand
Bharti Airtel Limited,BHARTI Airtel,West Bengal
Bharti Airtel,"Bharti Airtel Ltd., Telemedia Services",National Capital Territory of Delhi
Bharti Airtel,"Bharti Airtel Ltd., Telemedia Services",West Bengal
Bharti Airtel,Bcl South,Karnataka
Bharti Airtel,BHARTI Airtel,- - -
Bharti Airtel,BHARTI Airtel,Andhra Pradesh
Bharti Airtel,BHARTI Airtel,Haryana
Bharti Airtel,BHARTI Airtel,Maharashtra
Bharti Airtel,BHARTI Airtel,National Capital Territory of Delhi
Bharti Airtel,BHARTI Airtel,Odisha
Bharti Airtel,BHARTI Airtel,Uttar Pradesh
Bharti Airtel,Neonet Communications Pvt,Uttar Pradesh
Bharti Broadband,"Bharti Airtel Ltd., Telemedia Services",- - -
Bharti Broadband,"Bharti Airtel Ltd., Telemedia Services",Gujarat
Bharti Broadband,"Bharti Airtel Ltd., Telemedia Services",Madhya Pradesh
Bharti Broadband,"Bharti Airtel Ltd., Telemedia Services",Maharashtra
Bharti Broadband,"Bharti Airtel Ltd., Telemedia Services",National Capital Territory of Delhi
Bharti Broadband,"Bharti Airtel Ltd., Telemedia Services",Tamil Nadu
Bharti Broadband,"Bharti Airtel Ltd., Telemedia Services",West Bengal
Bharti Broadband,BHARTI Airtel,- - -
Bharti Broadband,BHARTI Airtel,Andhra Pradesh
Bharti Broadband,BHARTI Airtel,Bihar
Bharti Broadband,BHARTI Airtel,Chandigarh
Bharti Broadband,BHARTI Airtel,Gujarat
Bharti Broadband,BHARTI Airtel,Karnataka
Bharti Broadband,BHARTI Airtel,Maharashtra
Bharti Broadband,BHARTI Airtel,National Capital Territory of Delhi
Bharti Broadband,BHARTI Airtel,Uttar Pradesh
Bharti Broadband,BHARTI Airtel,West Bengal
Bhartiya Net,Geocity Network Solutions Pvt,National Capital Territory of Delhi
Bhawani Cable and Broadband Services,Bhwani Cable and Broadband Services,Maharashtra
BigRock Solutions Ltd,PDR,- - -
Bittel Telecom Pvt,Bittel Telecom Pvt,West Bengal
Blazenet Pvt Ltd,BlazeNet,Gujarat
Blazenet Pvt. Ltd,BlazeNet,Gujarat
BlazeNet Technologies Ltd,BlazeNet,Maharashtra
Blue Lotus Support Services Pvt,Blue Lotus Support Services Pvt,Maharashtra
Blue Lotus Support Services Pvt,Blue Lotus Support Services Pvt,Tamil Nadu
Blue Lotus Support Services Pvt,Lancefibernet Pvt,Karnataka
Broadband Pacenet Pvt.,Broadband Pacenet Pvt.,- - -
Broadband Pacenet Pvt.,Broadband Pacenet Pvt.,Maharashtra
Broadband Pacenet Pvt.,Broadband Pacenet Pvt.,Uttar Pradesh
Broadmax,Broadmax,Maharashtra
BSNL,BSNL,- - -
BSNL,BSNL,Andhra Pradesh
BSNL,BSNL,Arunachal Pradesh
BSNL,BSNL,Assam
BSNL,BSNL,Bihar
BSNL,BSNL,Chandigarh
BSNL,BSNL,Chhattisgarh
BSNL,BSNL,Goa
BSNL,BSNL,Gujarat
BSNL,BSNL,Haryana
BSNL,BSNL,Himachal Pradesh
BSNL,BSNL,Jharkhand
BSNL,BSNL,Karnataka
BSNL,BSNL,Kashmir
BSNL,BSNL,Kerala
BSNL,BSNL,Madhya Pradesh
BSNL,BSNL,Maharashtra
BSNL,BSNL,Mizoram
BSNL,BSNL,National Capital Territory of Delhi
BSNL,BSNL,Odisha
BSNL,BSNL,Punjab
BSNL,BSNL,Rajasthan
BSNL,BSNL,Sikkim
BSNL,BSNL,Tamil Nadu
BSNL,BSNL,Union Territory of Puducherry
BSNL,BSNL,Uttar Pradesh
BSNL,BSNL,Uttarakhand
BSNL,BSNL,West Bengal
BSNL,Guru Nanak Dev University Collage,Punjab
Cable Network Broadband System,Cable Network Broadband System,- - -
Candor infosolution Pvt,Candor infosolution Pvt,National Capital Territory of Delhi
Chandika Cable Network,Vasai Cable Pvt.,Maharashtra
China Telecom,Hathway,Maharashtra
Chiraag communications,Gazon Communications India Limited,Maharashtra
Citycom Networks Pvt,Citycom Networks Pvt,Haryana
Citycom Networks Pvt,Citycom Networks Pvt,Maharashtra
Citycom Networks Pvt,Citycom Networks Pvt,National Capital Territory of Delhi
Citycom Networks Pvt,Citycom Networks Pvt,Uttar Pradesh
CityOnline Services,CityOnline Services,Andhra Pradesh
CityOnline Services,CityOnline Services,Karnataka
CJONLINE ISP India,CJONLINE ISP India,Uttar Pradesh
Cloud Operation Pvt Ltd,Netmagic Datacenter Mumbai,- - -
Compulink India,Compulink India,Maharashtra
Confluence Networks,PDR,- - -
Country Online Services PVT LTD,CtrlS Datacenters,- - -
CtrlS Datacenters Limited,CtrlS Datacenters,- - -
Cyber Futuristics India Pvt,Cyber Futuristics India Pvt,- - -
D-VoiS Broadband Private Limited,D-Vois Broadband Pvt,Karnataka
D-VoiS Broadband Private Limited,D-Vois Broadband Pvt,Maharashtra
D-VoiS Broadband Private Limited,D-Vois Broadband Pvt,Uttarakhand
Daanish Broadband,Syscon Infoway Pvt.,Maharashtra
Deco Media And Communications Pvt,Meghbela Broadband,West Bengal
Dehradun Enet Solutions Private,Dehradun Enet Solutions Private,Uttar Pradesh
Dhauladhar Broadband Pvt,Vodafone India,- - -
Dhauladhar Broadband Pvt,Vodafone India,Jharkhand
Dhauladhar Broadband Pvt,Vodafone India,Maharashtra
Dhauladhar Broadband Pvt,Vodafone India,Tamil Nadu
Diadem Technologies Pvt.,Diadem Technologies Pvt.,- - -
Digi Win Infotainment Mumbai Pvt,Digi Win Infotainment Mumbai Pvt,Maharashtra
Digital Entertainment Networks,Den Digital Entertainment Pvt. Ltd. AS ISP india,National Capital Territory of Delhi
Digital Entertainment Networks,Den Digital Entertainment Pvt. Ltd. AS ISP india,Uttar Pradesh
Digital Entertainment Networks,Microscan Computers Private Limited,- - -
Digital Entertainment,Triple Play Broadband Private Limited,Haryana
Digital Network Associates,Digital Network Associates Pvt,Maharashtra
Dishnet Wireless Limited. Broadband Wireless,Dishnet Wireless Limited. Broadband Wireless,Tamil Nadu
Dna Infotel Private Limited,Digital Network Associates Private Limited,Maharashtra
Dna Smartlink Broadband Pvt Ltd,Sampark Estates Pvt.,Maharashtra
Dream Plus Multi Services Pvt,Dream Plus Multi Services Pvt,West Bengal
Elyzium Technologies Pvt.,Elyzium Technologies Pvt.,Uttar Pradesh
Equinox Consulting PVT LTD,CtrlS Datacenters,- - -
Equinox Consulting PVT LTD,CtrlS Datacenters,Andhra Pradesh
Ernst and Young LLP,Ernst & Young Global Services,- - -
Ethernet Xpress Pvt.,Ethernet Xpress Pvt.,Madhya Pradesh
Excel Solutions,Intech Online Private Limited,Maharashtra
Excell Media Pvt Ltd,Excellmedia,- - -
Excell Media Pvt Ltd,Excellmedia,Andhra Pradesh
Excitel Broadband Private Limited,Excitel Broadband Private Limited,National Capital Territory of Delhi
Excitel,Excitel Broadband Private Limited,- - -
Excitel,Excitel Broadband Private Limited,National Capital Territory of Delhi
Expand Associates,Kings Broadband Pvt,Kerala
Extreme Arena Private Limited,Excitel Broadband Private Limited,National Capital Territory of Delhi
Extreme Broadband Services Pvt. Ltd.,Extreme Broadband Services Pvt. Ltd.,National Capital Territory of Delhi
Faridabad Netcom Pvt.,Faridabad Netcom Pvt.,Haryana
Fast 4 Technologies,Intech Online Private Limited,- - -
Ficus Telecom Private Limited,Ficus Telecom Private Limited,- - -
Ficus Telecom Private Limited,Ficus Telecom Private Limited,Tamil Nadu
FITH Media Private Limited,SoftLayer Technologies,- - -
Five network Broadband Solution Pvt,Five network Broadband Solution Pvt,Punjab
Fivenetwork Solution India Pvt Ltd Internet,Fivenetwork Solution India Pvt Ltd Internet,Maharashtra
FiveNetwork Solutions India Pvt Ltd,Fivenetwork Solution India Pvt Ltd Internet,Maharashtra
Flash Broadband Pvt Ltd,Intech Online Private Limited,- - -
Flash Broadband Pvt Ltd,Intech Online Private Limited,Maharashtra
Foxtel Telecommunications Pvt.,Foxtel Telecommunications Pvt.,Chhattisgarh
FusionNet,Fusionnet web services Pvt. Ltd,Uttar Pradesh
Future Communication Cable Network,Triple Play Broadband Private Limited,Haryana
Future Solutions,Syscon Infoway Pvt.,Maharashtra
Ganesha Internet Services India Private Limited,Anjani Broadband Solutions Pvt.ltd.,Uttar Pradesh
Gatik Business Solutions,Gatik Business Solutions,Karnataka
Gazon Communications India Limited,Gazon Communications India Limited,Maharashtra
Gbps Networks Pvt. Ltd.,Digital Network Associates Private Limited,Maharashtra
Genesis Inc.,ApnaTeleLink pvt.,Punjab
Genstar Network Solutions Pvt,Genstar Network Solutions Pvt,Maharashtra
GEOCITY NETWORK SOLUTIONS PVT LTD - network admini,Geocity Network Solutions Pvt,National Capital Territory of Delhi
GHS Cross Road,GHS Cross Road,Karnataka
Gigantic Infotel Pvt,Gigantic Infotel Pvt,- - -
Gigantic Infotel Pvt,Gigantic Infotel Pvt,National Capital Territory of Delhi
Gigantic Internet Services Pvt. Ltd.,Gigantic Infotel Pvt,- - -
Global Network,Gigantic Infotel Pvt,- - -
Google,Google,- - -
Gorakhpur Net Services Pvt. Ltd.,Interdomain Routing,Uttar Pradesh
Green Energy & Insulation,Green Energy & Insulation,- - -
GTPL A. J. Enterprise,Gujarat Telelik Pvt,Gujarat
Gtpl Abhilash Communication Private Limited,Gtpl Abhilash Communication Private Limited,- - -
GTPL Ahmedabad Cable Network Pvt Ltd,Gujarat Telelik Pvt,Gujarat
Gtpl Bansidhar Telelink Pvt Ltd,Gujarat Telelik Pvt,- - -
gtpl henish cable vision,Gujarat Telelik Pvt,Gujarat
GTPL Infonet Private Limited,Gujarat Telelik Pvt,Gujarat
Gtpl Jay Mataji Network Pvt. Ltd.,Gujarat Telelik Pvt,Gujarat
Gtpl Jay Santoshima Network Pvtl Td,Narmada Cyberzone pvt.,Gujarat
Gtpl Junagadh Network Pvt Ltd,Gujarat Telelik Pvt,Gujarat
GTPL Parshwa Cable Network Pvt Ltd,Gujarat Telelik Pvt,Gujarat
GTPL shiv cable,Gujarat Telelik Pvt,Gujarat
GTPL Shiv Network Pvt Ltd,Gujarat Telelik Pvt,Gujarat
GTPL SMC Network PVT LTD,Gujarat Telelik Pvt,Gujarat
Gtpl Solanki Cable Network Pvt Ltd,Gujarat Telelik Pvt,Gujarat
Gtpl Surat Telelink Pvt Ltd,Gujarat Telelik Pvt,Gujarat
GTPL Vidarbha telelink pvt ltd,Gujarat Telelik Pvt,Gujarat
GTPL Vvc Network Pvt Ltd,Gujarat Telelik Pvt,Gujarat
GTPL Zigma Vision Pvt. Ltd.,Gujarat Telelik Pvt,Gujarat
Gtplvideo vision pvt ltd,Gujarat Telelik Pvt,Gujarat
Gujarat Kutch Network Pvt Ltd,Gujarat Telelik Pvt,Gujarat
Gujarat Television Pvt.Ltd.,Gujarat Telelik Pvt,Gujarat
Gurgaon Consultancy,Triple Play Broadband Private Limited,Haryana
Gv Telecom,Ani Network Pvt,National Capital Territory of Delhi
Gvs Networks,Apollo Online Services Pvt,- - -
Hardwork Cable and Internet Services Pvt,Hardwork Cable and Internet Services Pvt,- - -
Hathway,Hathway,- - -
Hathway,Hathway,Arunachal Pradesh
Hathway,Hathway,Gujarat
Hathway,Hathway,Karnataka
Hathway,Hathway,Maharashtra
Hathway,Hathway,National Capital Territory of Delhi
Hathway,Hathway,Uttar Pradesh
Hathway,Hathway,West Bengal
Hilink Netsol Private Limited,BHARTI Airtel,Gujarat
Hilink Netsol Private Limited,Hilink Netsol Private Limited,- - -
hipath netcom serices pvt ltd,Precious netcom pvt,- - -
Hitech Network,Wan & Lan Internet Pvt,Maharashtra
Home Broadband Services LLP,Anjani Broadband Solutions Pvt.ltd.,Uttar Pradesh
Home Leelas Internet Pvt. Ltd.,Home Systems Pvt.ltd,Maharashtra
Home Networks Pvt Ltd,Home Systems Pvt.ltd,Maharashtra
Honesty Net Solution (I) Pvt,Honesty Net Solution (I) Pvt,Maharashtra
HostDime Data Centre Services PVT,HostDime.com,- - -
Hostgator Asian Operations Division.,PDR,- - -
I Connect Broadband Solutions Pvt Ltd,Sampark Estates Pvt.,Maharashtra
Iconic Designs,CtrlS Datacenters,- - -
Idea Cellular,Idea Cellular,- - -
Idea Cellular,Idea Cellular,Andhra Pradesh
Idea Cellular,Idea Cellular,Chhattisgarh
Idea Cellular,Idea Cellular,Gujarat
Idea Cellular,Idea Cellular,Haryana
Idea Cellular,Idea Cellular,Kerala
Idea Cellular,Idea Cellular,Madhya Pradesh
Idea Cellular,Idea Cellular,Maharashtra
Idea Cellular,Idea Cellular,National Capital Territory of Delhi
Idea Cellular,Idea Cellular,Punjab
Idea Cellular,Idea Cellular,Rajasthan
Idea Cellular,Idea Cellular,Tamil Nadu
Idea Cellular,Idea Cellular,Uttar Pradesh
Idea Cellular,Idea Cellular,West Bengal
Ideastack solutions private limited,Ideastack solutions private limited,- - -
IIT Kanpur,IIT Kanpur,Uttar Pradesh
In2cable (India) Ltd.,Bharti Telesonic,Maharashtra
In2cable (India) Ltd.,In2cable.com (India),- - -
In2cable (India) Ltd.,In2cable.com (India),Maharashtra
In2cable.com (India),In2cable.com (India),Maharashtra
IN2CABLE.COM,- - -,Maharashtra
Indian Cable Net Company Limited,Siticable Network Limited,West Bengal
Indian Institute Of Technology Roorkee,Indian Institute Of Technology Roorkee,Uttarakhand
Indiglo Infotel,Digital Network Associates Private Limited,Maharashtra
Infonet Comm Enterprises,Infonet Comm Enterprises,- - -
Infranet Services,Intech Online Private Limited,- - -
INPL's IP Pool,Ishan's Network,- - -
INPL's IP Pool,Ishan's Network,Maharashtra
Institute for Plasma Research,Institute for Plasma Research,Gujarat
Intech Online Private Limited,Intech Online Private Limited,Maharashtra
Intech Online Pvt Ltd,Intech Online Pvt Ltd,Maharashtra
Intech Telecom,Intech Online Private Limited,Maharashtra
Ishan Netsol Pvt Ltd,Ishan's Network,Gujarat
Ishan Netsol Pvt Ltd,Reliance Communications,Gujarat
Ishan's Network,Ishan's Network,Gujarat
Jain Net Services,Excitel Broadband Private Limited,National Capital Territory of Delhi
Jetway Broadband India Pvt Ltd,Jetway Broadband India Pvt Ltd,- - -
JPR Digital Pvt Ltd,JPR Digital,Maharashtra
Kappa Internet Services Private Limited,Kappa Internet Services Private Limited,National Capital Territory of Delhi
Kappa Internet Services Private Limited,Kappa Internet Services Private Limited,Rajasthan
Kashish Enterprises,BlazeNet,- - -
Kavish online services private limited,Kavish online services private limited,West Bengal
kcable communication pvt. Ltd.,Candor infosolution Pvt,- - -
kcable communication pvt. Ltd.,Candor infosolution Pvt,Uttar Pradesh
Kelnet Communication Services (P),Kelnet Communication Services (P),Kerala
Kerala State IT Mission,Kerala State IT Mission,Kerala
Landweavers,ApnaTeleLink pvt.,- - -
Laxmi Internet Services Pvt,Laxmi Internet Services Pvt,Gujarat
Leadership Advisory Services PVT LTD,CtrlS Datacenters,- - -
Learning Ink,ApnaTeleLink pvt.,Haryana
Level 3 Communications,Quantil,- - -
Life Positive Private Limited,Interdomain Routing,- - -
Live Line Network Technology Pvt Ltd,Intech Online Private Limited,Maharashtra
Logon Broadband,Logon Broadband,Maharashtra
London Broadband Services,Syscon Infoway Pvt.,- - -
Ls Broadband Private Limited,Ls Fibernet Private Limited,- - -
Ls Fibernet Private Limited,Ls Fibernet Private Limited,- - -
LS FIBERNET Pvt Ltd,Ls Fibernet Private Limited,- - -
M/s Ortel Communications Limited,M/s Ortel Communications,Chhattisgarh
M/s Ortel Communications Limited,M/s Ortel Communications,Odisha
Madhav Cement Private Limited,Ishan's Network,Gujarat
Madhav Cement Private Limited,Madhav Cement Private Limited,- - -
Mahaluxmi Trading Co.,BSNL,Maharashtra
Mahanagar Telephone Nigam,Mahanagar Telephone Nigam,- - -
Mahanagar Telephone Nigam,Mahanagar Telephone Nigam,Maharashtra
Mahanagar Telephone Nigam,Mahanagar Telephone Nigam,National Capital Territory of Delhi
Maks Communications Pvt.,Maks Communications Pvt.,National Capital Territory of Delhi
Mayekar Broadband Pvt Ltd,Syscon Infoway Pvt.,- - -
megasoft computer sales and services,IKF Telecom,Maharashtra
Meghbela Broadband,Meghbela Broadband,- - -
Meghbela Entertainment Ltd,Meghbela Broadband,West Bengal
Microscan Broadband Pvt. Ltd,Microscan Computers Private Limited,Maharashtra
Microsense Networks Private Limited,Microsense Private Limited,- - -
Microsoft Corporation,Microsoft Corporation,- - -
MINS Technologies Private Limited,MINS Technologies Private Limited,Tamil Nadu
MNR Broadband Services Pvt.,MNR Broadband Services Pvt.,National Capital Territory of Delhi
MTS,MTS,Gujarat
MTS,MTS,Haryana
MTS,MTS,Karnataka
MTS,MTS,Kerala
MTS,MTS,National Capital Territory of Delhi
MTS,MTS,Rajasthan
MTS,MTS,Tamil Nadu
MTS,MTS,Uttar Pradesh
MTS,MTS,West Bengal
Mukand Infotel Pvt,Mukand Infotel Pvt,Assam
My Network India Internet Services Pvt. Ltd.,Gazon Communications India Limited,Maharashtra
Narmada Cyberzone pvt.,Narmada Cyberzone pvt.,Gujarat
National Informatics Centre,National Informatics Centre,National Capital Territory of Delhi
National Informatics Centre,National Informatics Centre,Rajasthan
National Informatics Centre,National Informatics Centre,Uttar Pradesh
National Internet Backbone,BSNL,- - -
National Internet Backbone,BSNL,Andhra Pradesh
National Internet Backbone,BSNL,Goa
National Internet Backbone,BSNL,Haryana
National Internet Backbone,BSNL,Karnataka
National Internet Backbone,BSNL,Kashmir
National Internet Backbone,BSNL,Kerala
National Internet Backbone,BSNL,Maharashtra
National Internet Backbone,BSNL,National Capital Territory of Delhi
National Internet Backbone,BSNL,Rajasthan
National Internet Backbone,BSNL,Tamil Nadu
National Internet Backbone,BSNL,Union Territory of Puducherry
National Internet Backbone,BSNL,Uttar Pradesh
National Internet Backbone,Malviya National Institute of Technology Jaipur,Rajasthan
Navrang Internet Services Pvt,Navrang Internet Services Pvt,- - -
Net 4 U Services Pvt,Net 4 U Services Pvt,Maharashtra
Net Onair Networks Pvt,Net Onair Networks Pvt,- - -
NET.IN,- - -,Haryana
Net4India,Net4India,- - -
Netcom Enterprises Pvt,Netcom Enterprises Pvt,Maharashtra
Netmagic Datacenter,Netmagic Datacenter Mumbai,- - -
Netrun Technologies Pvt,CtrlS Datacenters,- - -
Netway Internet Services,Ani Network Pvt,Haryana
Network for Internet at Hotels and Hot spots,Microsense Private Limited,Tamil Nadu
NetX Communications,Excellmedia,- - -
NetX Network Solutions And Telecommunication Pvt L,Airnet Cable And Datacom Pvt,Maharashtra
NetX Network Solutions And Telecommunication Pvt L,Netcom Enterprises Pvt,Maharashtra
New Meghbela Multi Channel Communication,Meghbela Broadband,West Bengal
NEXTRA,NEXTRA,Haryana
Ngn Telecom Private Limited,Sampark Estates Pvt.,Maharashtra
Nirav Infotech,Syscon Infoway Pvt.,Maharashtra
Nissi Net,Nissi Net,- - -
Nissi Net,TejRaj Y Max Services Pvt,Maharashtra
NKN Core Network,"Banaras Hindu University MEDICAL SCIENCES, VARANA",Uttar Pradesh
NKN Core Network,Dr. Ram Manohar Lohiya National Law University,Uttar Pradesh
NKN Core Network,National Institute Of Technology Durgapur,West Bengal
NKN Core Network,NKN Core Network,- - -
NKN Core Network,NKN Core Network,Himachal Pradesh
NKN Core Network,NKN Core Network,National Capital Territory of Delhi
NKN Core Network,Nkn Internet Gateway Network,- - -
NKN Core Network,Swami Vivekanand Subharit University,Uttar Pradesh
Node Outlet India LLP,Node Outlet India LLP,- - -
Northeast Dataa Network Pvt,Northeast Dataa Network Pvt,Karnataka
Om Sai Entertainment,Om Sai Entertainment,- - -
Omguru Broadband,Syscon Infoway Pvt.,Maharashtra
OMKAR NET services,Intech Online Private Limited,Maharashtra
Opera Mini Proxy,Opera Mini Proxy,- - -
Ortel Communications,M/s Ortel Communications,Odisha
P.D.R Solutions FZC,PDR,- - -
P4networks pvt ltd.,P4Networks,Gujarat
P4networks pvt ltd.,P4Networks,Maharashtra
P4Networks,Ishan Netsol Pvt Ltd,Maharashtra
P4Networks,JPR Digital,Maharashtra
P4Networks,P4networks pvt ltd.,- - -
P4Networks,P4networks pvt ltd.,Maharashtra
PACENET-INDIA.COM,- - -,National Capital Territory of Delhi
Packenet IT And Telephony Solutions,Gazon Communications India Limited,Maharashtra
Panchsheel Broadband Services Private Limited,Panchsheel Broadband Services Private Limited,Uttar Pradesh
Parason Machinery India Pvt Ltd,Gazon Communications India Limited,Maharashtra
Parason Machinery India Pvt Ltd,TejRaj Y Max Services Pvt,Maharashtra
pari cyber communication,Precious netcom pvt,Uttar Pradesh
PDR,PDR,- - -
Perfect Internet Pvt,Perfect Internet Pvt,National Capital Territory of Delhi
Perfect Internet Pvt,Perfect Internet Pvt,Uttar Pradesh
Pintwire Infomatics Private Limited,Pintwire Infomatics Private Limited,Chhattisgarh
Pioneer Elabs,CtrlS Datacenters,- - -
Pioneer Elabs,CtrlS Datacenters,Andhra Pradesh
Piyush Networks,Piyush Networks,- - -
Plusnet Communication Pvt.,Plusnet Communication Pvt.,Gujarat
Po Turbhe,Po Turbhe,Maharashtra
Precious netcom pvt,Precious netcom pvt,National Capital Territory of Delhi
Quadrant Televentures Limited,Plot 248,Punjab
Quadrant Televentures Limited,Quadrant Televentures Limited,Chandigarh
Quadrant Televentures Limited,Quadrant Televentures Limited,Himachal Pradesh
Quadrant Televentures Limited,Quadrant Televentures Limited,National Capital Territory of Delhi
Quadrant Televentures Limited,Quadrant Televentures Limited,Punjab
Quest Consultancy Pvt,Quest Consultancy Pvt,Gujarat
Raaj Internet I Pvt,Raaj Internet I Pvt,Tamil Nadu
RackBank Datacenters Private,Auspice Infratel Pvt.,- - -
RailTel Corporation of India Ltd.,RailTel Corporation of India Ltd.,- - -
RailTel Corporation of India Ltd.,RailTel Corporation of India Ltd.,Andhra Pradesh
RailTel Corporation of India Ltd.,RailTel Corporation of India Ltd.,Haryana
RailTel Corporation of India Ltd.,RailTel Corporation of India Ltd.,Karnataka
RailTel Corporation of India Ltd.,RailTel Corporation of India Ltd.,Kerala
RailTel Corporation of India Ltd.,RailTel Corporation of India Ltd.,Maharashtra
RailTel Corporation of India Ltd.,RailTel Corporation of India Ltd.,National Capital Territory of Delhi
RailTel Corporation of India Ltd.,RailTel Corporation of India Ltd.,Punjab
RailTel Corporation of India Ltd.,RailTel Corporation of India Ltd.,Uttar Pradesh
Rainbow communications India Pvt,Rainbow communications India Pvt,Tamil Nadu
Raja Bakhiyanathan Nadar t/a JPR Channel,JPR Digital Pvt.,- - -
Rajesh Patel Net Services Pvt Ltd,Rajesh Patel Net Services Pvt.,Madhya Pradesh
Rajeshnet,Rajesh Multi Channel Pvt,- - -
Rajeshnet,Rajesh Multi Channel Pvt,Maharashtra
Rasa Internet Services,Airnet Cable And Datacom Pvt,Maharashtra
Readylink Internet Services Limited Coimbatore,Readylink Internet Services Limited,Tamil Nadu
Readylink Internet Services Limited,Knowledge Institute of Technology Namakkal,Tamil Nadu
Realtel Network Services Pvt,Realtel Network Services Pvt,National Capital Territory of Delhi
Rediff.com India Limited,Rediff.com India Limited,- - -
Reliance Communication Limited,Reliance Communication Limited,Maharashtra
Reliance Communication Limited,Reliance Communication Limited,Uttar Pradesh
Reliance Communications,BSES TeleCom Limited,Gujarat
Reliance Communications,BSES TeleCom Limited,Maharashtra
Reliance Communications,BSES TeleCom Limited,National Capital Territory of Delhi
Reliance Communications,BSES TeleCom Limited,Rajasthan
Reliance Communications,BSES TeleCom Limited,Uttar Pradesh
Reliance Communications,Reliance Communications,Bihar
Reliance Communications,Reliance Communications,Karnataka
Reliance Communications,Reliance Communications,Kerala
Reliance Communications,Reliance Communications,Maharashtra
Reliance Communications,Reliance Communications,National Capital Territory of Delhi
Reliance Communications,Reliance Communications,Punjab
Reliance Communications,Reliance Communications,Rajasthan
Reliance Communications,Reliance Communications,West Bengal
Reliance Jio Infocomm Limited,Reliance Jio Infocomm Limited,- - -
Reliance Jio INFOCOMM,Reliance Jio INFOCOMM,- - -
Reliance Jio INFOCOMM,Reliance Jio INFOCOMM,Andhra Pradesh
Reliance Jio INFOCOMM,Reliance Jio INFOCOMM,Assam
Reliance Jio INFOCOMM,Reliance Jio INFOCOMM,Gujarat
Reliance Jio INFOCOMM,Reliance Jio INFOCOMM,Himachal Pradesh
Reliance Jio INFOCOMM,Reliance Jio INFOCOMM,Karnataka
Reliance Jio INFOCOMM,Reliance Jio INFOCOMM,Kashmir
Reliance Jio INFOCOMM,Reliance Jio INFOCOMM,Madhya Pradesh
Reliance Jio INFOCOMM,Reliance Jio INFOCOMM,Maharashtra
Reliance Jio INFOCOMM,Reliance Jio INFOCOMM,Odisha
Reliance Jio INFOCOMM,Reliance Jio INFOCOMM,Rajasthan
Reliance Jio INFOCOMM,Reliance Jio INFOCOMM,Tamil Nadu
Reliance Jio INFOCOMM,Reliance Jio INFOCOMM,Uttar Pradesh
Reliance Jio INFOCOMM,Reliance Jio INFOCOMM,Uttarakhand
Reliance Jio INFOCOMM,Reliance Jio INFOCOMM,West Bengal
Ricoh India Limited,Ricoh India Limited,National Capital Territory of Delhi
RINOTEL,R.K. Cable Net Private Limited,- - -
RINOTEL,R.K. Cable Net Private Limited,Gujarat
Robert Bosch engineering and business solutions pr,Robert Bosch engineering and business solutions pr,Karnataka
Rocknet Internet Services Pvt Ltd,Interdomain Routing,National Capital Territory of Delhi
Rohit Enterprises,BSNL,- - -
Royal Net Cable Pvt Ltd,Home Systems Pvt.ltd,Maharashtra
S K Network,Intech Online Private Limited,Maharashtra
s v internet,Soft Call Cust-o-care Private Limited,Maharashtra
S.R.Network.solution,S.R.Network.solution,Maharashtra
SAI Cables,Microscan Computers Private Limited,- - -
SAI Cables,Microscan Computers Private Limited,Maharashtra
Saimaa Technologies Pvt. Ltd.,Sampark Estates Pvt.,Maharashtra
Sainetservices,Ani Network Pvt,- - -
Sampark Estates Pvt.,Sampark Estates Pvt.,Maharashtra
Sampathkari Digital Network Pvt Ltd,NetX Communications,- - -
Sanjeevani Cable Network,Digital Network Associates Private Limited,Maharashtra
Satellite Cable Tv Net,Sampark Estates Pvt.,Maharashtra
Satellite Cable Tv Network Pvt. Ltd.,Sampark Estates Pvt.,- - -
Satellite Cable Tv Network Pvt. Ltd.,Sampark Estates Pvt.,Maharashtra
Satendra Networks,Excitel Broadband Private Limited,National Capital Territory of Delhi
Seva Networks Pvt Ltd,Seva Networks Pvt Ltd,- - -
Seven Star Internet Service Provider,Seven Star Internet Service Provider,Maharashtra
Shirl Broadband,Syscon Infoway Pvt.,Maharashtra
Shivam Broadband,Ani Network Pvt,National Capital Territory of Delhi
Shree Balaji Infoway Private Limited,Syscon Infoway Pvt.,- - -
Shrinathji Netsol (India) Private Limited,Shrinathji Netsol (India) Private Limited,Gujarat
SHYAM Internet service provider in India.,SHYAM Internet service provider in India.,Rajasthan
siddhbali infotech pvt,siddhbali infotech pvt,- - -
Sidhivinayak Network Pvt Ltd,Wan & Lan Internet Pvt,Maharashtra
Sify Limited,Sify Limited,- - -
Sify Limited,Sify Limited,Karnataka
Sify Limited,Sify Limited,National Capital Territory of Delhi
Sify Limited,Sify Limited,Tamil Nadu
Sify Limited,Sify Limited,West Bengal
Sikka Star powered by Sikka Broadband,Sikka Star powered by Sikka Broadband,Uttar Pradesh
Siliguri Internet & Cable TV Pvt.,Siliguri Internet & Cable TV Pvt.,West Bengal
Siti Cable Network Ltd,Siticable Network Limited,- - -
Siti Cable Network Ltd,Siticable Network Limited,Bihar
Siti Cable Network Ltd,Siticable Network Limited,National Capital Territory of Delhi
Siti Cable Network Ltd,Siticable Network Limited,West Bengal
Skandha Networks LLP,Microscan Computers Private Limited,Maharashtra
sky dot communication Limited,sky dot communication Limited,- - -
sky dot communication Limited,sky dot communication Limited,Gujarat
Skynet Broadband Plus Solution,Skynet Broadband Plus Solution,- - -
SkyNet,Airnet Cable And Datacom Pvt,Maharashtra
smartlinklink broadband services pvt ltd,SmartLink Broadband Services Pvt,Maharashtra
Soft Call Cust-o-care Private Limited,Soft Call Cust-o-care Private Limited,- - -
Soft Call Cust-o-care Private Limited,Soft Call Cust-o-care Private Limited,Maharashtra
Softearth Network Pvt,Softearth Network Pvt,Gujarat
Softgaurd Powertronics,Apollo Online Services Pvt,- - -
South City Communication Pvt Ltd,Alliance Broadband Services Pvt.,West Bengal
Southern Online Bio Technologies,BHARTI Airtel,- - -
Southern Online Bio Technologies,Southern Online Bio Technologies,Andhra Pradesh
Spacenet Internet Services Pvt.,Spacenet Internet Services Pvt.,National Capital Territory of Delhi
Spark Broadband Pvt Ltd,Wamika Broadband,Maharashtra
Speed Communicaion,Syscon Infoway Pvt.,Maharashtra
SpeedOnline.Net.Pvt.Ltd.,SpeedOnline.Net.Pvt.Ltd.,Gujarat
Sphier Infotech Private Limited,Sphier Infotech Private Limited,Punjab
Spider Net,Intech Online Private Limited,Maharashtra
Spider Net,Spider Net,- - -
SPiDiGO,"Chandra Net Pvt. Limited, India",Gujarat
SPiDiGO,SPiDiGO,Gujarat
Sprintnet,Syscon Infoway Pvt.,Maharashtra
SRD Properties Pvt Ltd,Siticable Network Limited,Jharkhand
SRD Properties Pvt Ltd,Siticable Network Limited,West Bengal
Sree Sai Services,CtrlS Datacenters,- - -
srinagar Net tech P,srinagar Net tech P,Kashmir
Ss Broadband Services Pvt,Ss Broadband Services Pvt,- - -
Statt Solution Pvt Ltd,Siticable Network Limited,West Bengal
Suraj Network,Suraj Network,Uttar Pradesh
Swastik Internet and Cables pvt.,Swastik Internet and Cables pvt.,Maharashtra
SwiftMail Communications Limited,Swift Online Border,- - -
SwiftMail Communications Limited,Swift Online Border,Maharashtra
Swiftnet Broadband Private Limited,Swiftnet Broadband Private Limited,Maharashtra
Syscon Infoway Pvt.,Soft Call Cust-o-care Private Limited,Maharashtra
Syscon Infoway Pvt.,Syscon Infoway Pvt.,Maharashtra
Syscon Infoway Pvt.,Syscon Infoway Pvt.,Punjab
System Solution,Airnet Cable And Datacom Pvt,Maharashtra
TATA Communications,TATA Communications,- - -
TATA Communications,TATA Communications,Haryana
TATA Communications,TATA Communications,Karnataka
TATA Communications,TATA Communications,Maharashtra
TATA Communications,TATA Communications,National Capital Territory of Delhi
TATA Communications,TATA Communications,Uttar Pradesh
TATA Communications,TATA Communications,West Bengal
Tata Indicom,Tata Indicom,- - -
Tata Indicom,Tata Indicom,Maharashtra
Tata Indicom,Tata Indicom,National Capital Territory of Delhi
Tata Mobile,Delhi Gsm Ip Pool,Maharashtra
Tata Mobile,Delhi Gsm Ip Pool,National Capital Territory of Delhi
Tata Mobile,Delhipacket Core Network,Karnataka
Tata Mobile,Delhipacket Core Network,Maharashtra
Tata Mobile,Mumbai Gsm Ip Pool,Karnataka
Tata Mobile,Mumbai Packet Core Network,Karnataka
Tata Mobile,Tata Mobile,Gujarat
Tata Mobile,Tata Mobile,Karnataka
Tata Mobile,Tata Mobile,Madhya Pradesh
Tata Mobile,Tata Mobile,Maharashtra
Tata Mobile,Tata Mobile,Uttar Pradesh
Tata Teleservices (Maharashtra) Ltd,Tata Teleservices Maharashtra,Maharashtra
Tata Teleservices ISP,Tata Teleservices ISP,Haryana
Tata Teleservices Maharashtra,Tata Teleservices Maharashtra,- - -
Tata Teleservices Maharashtra,Tata Teleservices Maharashtra,Maharashtra
Tata Teleservices Maharashtra,TTML ADSL Dynamic-Res,Maharashtra
Telenor (India) Communications Pvt. Ltd.,Uninor,- - -
Telenor (India) Communications Pvt. Ltd.,Uninor,Haryana
Telenor (India) Communications Pvt. Ltd.,Uninor,Uttar Pradesh
Tesonet,Tesonet,Maharashtra
The Speednet,Meghbela Broadband,West Bengal
The Weblink Network,Digital Network Associates Private Limited,Maharashtra
The Weblink Network,Syscon Infoway Pvt.,Maharashtra
Threesa Infoway Pvt.Ltd.,Intech Online Private Limited,- - -
Threesa Infoway Pvt.Ltd.,Threesa Infoway Pvt.Ltd.,- - -
Threesa Infoway Pvt.Ltd.,Threesa Infoway Pvt.Ltd.,Maharashtra
Tier IV Datacenters Limited,CtrlS Datacenters,- - -
Tikona Digital Networks Pvt. LTD,Tikona Digital Networks Pvt,Gujarat
Tikona Digital Networks Pvt. LTD,Tikona Digital Networks Pvt,Karnataka
Tikona Digital Networks Pvt. LTD,Tikona Digital Networks Pvt,Madhya Pradesh
Tikona Digital Networks Pvt. LTD,Tikona Digital Networks Pvt,Maharashtra
Tikona Digital Networks Pvt. LTD,Tikona Digital Networks Pvt,National Capital Territory of Delhi
Tikona Digital Networks Pvt. LTD,Tikona Digital Networks Pvt,Tamil Nadu
Tikona Digital Networks Pvt. LTD,Tikona Digital Networks Pvt,Uttar Pradesh
Tirupati Media Pvt Ltd,Home Systems Pvt.ltd,Maharashtra
Triple Play Teleservices Private Limited,Triple Play Broadband Private Limited,Haryana
TRIPLEPLAY BROADBAND PVT LTD,TRIPLEPLAY BROADBAND PVT LTD,Haryana
TRIPLEPLAY INTERACTIVE NETWORK PVT LTD,TRIPLEPLAY INTERACTIVE NETWORK PVT LTD,Haryana
Tripleplay Telecom Pvt Ltd,Triple Play Broadband Private Limited,Haryana
Tripleplay Telecom Pvt Ltd,Tripleplay Telecom Pvt Ltd,Haryana
True Broadband Service,True Broadband Service,National Capital Territory of Delhi
Ttsl-isp Division,Tata Teleservices ISP,Haryana
TULIP Telecom ltd.,VeriVoz Communication Private Limited,- - -
TULIP Telecom ltd.,VeriVoz Communication Private Limited,National Capital Territory of Delhi
U.p. Communication Services Pvt,U.p. Communication Services Pvt,Uttarakhand
Uclix Infra,Ragsaa Communication pvt.,Rajasthan
ultranet services private limited,ultranet services private limited,Uttar Pradesh
Unet Communication Private Limited,BlazeNet,Gujarat
Univera Network,VooServers,Maharashtra
Vainavi Industries Ltd.,Vainavi Industies Ltd,- - -
Vainavi Industries Ltd.,Vainavi Industies Ltd,Andhra Pradesh
Vasai Cable Pvt.,Vasai Cable Pvt.,Maharashtra
VeriVoz Communication Private Limited,VeriVoz Communication Private Limited,Haryana
VeriVoz Communication Private Limited,VeriVoz Communication Private Limited,National Capital Territory of Delhi
VeriVoz Communication Private Limited,World Star Communication,Haryana
vertigotechnologies pvt ltd,Ani Network Pvt,National Capital Territory of Delhi
Vijaya Comnet Private Limited,"3c, Subiksha Complex",Tamil Nadu
Vision Smartlink Networking Private Limited,Vision Smartlink Networking Private Limited,Gujarat
Visual Computer Care,Visual Computer Care,Gujarat
Viswaroopa Info Services India Private Ltd,CtrlS Datacenters,- - -
VMware India Software Pvt,VMware India Software Pvt,Karnataka
Vodafone India,Acme Diginet Corporation Pvt.,National Capital Territory of Delhi
Vodafone India,Vodafone India,- - -
Vodafone India,Vodafone India,Gujarat
Vodafone India,Vodafone India,Karnataka
Vodafone India,Vodafone India,Maharashtra
Vodafone India,Vodafone India,National Capital Territory of Delhi
Vodafone India,Vodafone India,Tamil Nadu
Vodafone India,Vodafone India,Uttar Pradesh
Vodafone India,Vodafone India,West Bengal
Vovinet Infocom Pvt. Ltd,Microscan Computers Private Limited,Maharashtra
Vovinet Infotech Pvt. Ltd,Microscan Computers Private Limited,Maharashtra
Wan & Lan Internet Pvt,Wan & Lan Internet Pvt,Maharashtra
Wan and lan Internet Pvt.Ltd,Wan & Lan Internet Pvt,Maharashtra
Way2 Projects & Developers Private Limited,SoftLayer Technologies,- - -
Way2air Net Solution Pvt Ltd,Airnet Cable And Datacom Pvt,Maharashtra
Web Labz,Airnat It Solutions Pvt,Haryana
web world,Soft Call Cust-o-care Private Limited,Maharashtra
Websurf Pvt Ltd,Soft Call Cust-o-care Private Limited,Maharashtra
Wefe Technology Pvt,Wefe Technology Pvt,Odisha
Wipro Technologies,Wipro Technologies,Maharashtra
Wish Net Private Limited,Wish Net Private Limited,West Bengal
Wish Net,Wish Net Private Limited,West Bengal
World Phone Internet Services Pvt Ltd,Gigantic Infotel Pvt,National Capital Territory of Delhi
World Phone Internet Services Pvt Ltd,Interdomain Routing,Bihar
World Phone Internet Services Pvt Ltd,Interdomain Routing,National Capital Territory of Delhi
World Phone Internet Services Pvt Ltd,Interdomain Routing,Rajasthan
World Phone Internet Services Pvt Ltd,Interdomain Routing,Tamil Nadu
World Phone Internet Services Pvt Ltd,Interdomain Routing,Union Territory of Puducherry
World Phone Internet Services Pvt Ltd,Interdomain Routing,Uttar Pradesh
Wow Solutions and Systems Pvt,Wow Solutions and Systems Pvt,Punjab
Xm Media Services LLP,Microscan Computers Private Limited,- - -
Yashash Cable Network Pvt Ltd,Yashtel,Karnataka
Yashtel,Yashtel,Karnataka
YOU Telecom India Pvt Ltd,YOU Broadband & Cable India,- - -
YOU Telecom India Pvt Ltd,YOU Broadbaznd & Cable India,Andhra Pradesh
YOU Telecom India Pvt Ltd,YOU Broadband & Cable India,Gujarat
YOU Telecom India Pvt Ltd,YOU Broadband & Cable India,Karnataka
YOU Telecom India Pvt Ltd,YOU Broadband & Cable India,Maharashtra
YOU Telecom India Pvt Ltd,YOU Broadband & Cable India,Tamil Nadu
YPT Entertainment House Pvt,YPT Entertainment House Pvt,Uttar Pradesh
YPT Entertainment House Pvt. Ltd.,YPT Entertainment House Pvt. Ltd.,Uttar Pradesh
Zapbytes Technologies Pvt.,Zapbytes Technologies Pvt.,Uttar Pradesh
ZNet Technologies Private Limited,ZNet Technologies Private Limited,- - -
Zye Telecom Pvt,Zye Telecom Pvt,Andhra Pradesh
